{"_step":29,"train_loss":0.3673048198223114,"val_loss":0.49326327599977193,"_wandb":{"runtime":4968},"_runtime":4968,"val_acc":85.82375478927203,"_timestamp":1.768141369705906e+09}