{"val_loss":0.5157455118565724,"_wandb":{"runtime":5053},"_runtime":5053,"val_acc":85.49058803931368,"_timestamp":1.7687494407218602e+09,"_step":29,"train_loss":0.32415041168530784}