{"_timestamp":1.768062407016321e+09,"_step":29,"_wandb":{"runtime":5239},"_runtime":5239,"train_loss":0.37713167387827307,"val_loss":0.5141736984252929,"val_acc":85.3656505080793}