{"_step":29,"train_loss":0.36864660104115804,"val_loss":0.4936593945684104,"_wandb":{"runtime":4968},"_runtime":4968,"val_acc":85.77794436115276,"_timestamp":1.768183264610504e+09}